{
  "classifier": {
    "model_type": "ensemble_legalbert_legalroberta",
    "f1_macro": 0.6058428660860041,
    "precision_macro": 0.5858013373502766,
    "recall_macro": 0.6428524800998369,
    "per_class": {
      "Competitive Restriction Exception": {
        "precision": 0.3888888888888889,
        "recall": 0.6363636363636364,
        "f1-score": 0.4827586206896552,
        "support": 11.0
      },
      "Non-Compete": {
        "precision": 0.8333333333333334,
        "recall": 0.5555555555555556,
        "f1-score": 0.6666666666666666,
        "support": 27.0
      },
      "Exclusivity": {
        "precision": 0.7105263157894737,
        "recall": 0.6923076923076923,
        "f1-score": 0.7012987012987013,
        "support": 39.0
      },
      "No-Solicit Of Customers": {
        "precision": 0.5714285714285714,
        "recall": 0.5714285714285714,
        "f1-score": 0.5714285714285714,
        "support": 7.0
      },
      "No-Solicit Of Employees": {
        "precision": 1.0,
        "recall": 0.5,
        "f1-score": 0.6666666666666666,
        "support": 10.0
      },
      "Non-Disparagement": {
        "precision": 0.8333333333333334,
        "recall": 0.7142857142857143,
        "f1-score": 0.7692307692307693,
        "support": 7.0
      },
      "Termination For Convenience": {
        "precision": 0.9141104294478528,
        "recall": 0.8869047619047619,
        "f1-score": 0.9003021148036254,
        "support": 168.0
      },
      "Rofr/Rofo/Rofn": {
        "precision": 0.8648648648648649,
        "recall": 0.8648648648648649,
        "f1-score": 0.8648648648648649,
        "support": 37.0
      },
      "Change Of Control": {
        "precision": 0.6774193548387096,
        "recall": 0.875,
        "f1-score": 0.7636363636363637,
        "support": 24.0
      },
      "Anti-Assignment": {
        "precision": 0.9079497907949791,
        "recall": 0.9234042553191489,
        "f1-score": 0.9156118143459916,
        "support": 235.0
      },
      "Revenue/Profit Sharing": {
        "precision": 0.8297872340425532,
        "recall": 0.975,
        "f1-score": 0.896551724137931,
        "support": 40.0
      },
      "Price Restrictions": {
        "precision": 0.5,
        "recall": 1.0,
        "f1-score": 0.6666666666666666,
        "support": 2.0
      },
      "Minimum Commitment": {
        "precision": 0.7954545454545454,
        "recall": 0.875,
        "f1-score": 0.8333333333333334,
        "support": 40.0
      },
      "Volume Restriction": {
        "precision": 0.7272727272727273,
        "recall": 0.9411764705882353,
        "f1-score": 0.8205128205128205,
        "support": 17.0
      },
      "IP Ownership Assignment": {
        "precision": 0.9361702127659575,
        "recall": 0.946236559139785,
        "f1-score": 0.9411764705882353,
        "support": 93.0
      },
      "Joint IP Ownership": {
        "precision": 0.5714285714285714,
        "recall": 0.8,
        "f1-score": 0.6666666666666666,
        "support": 10.0
      },
      "License Grant": {
        "precision": 0.8863636363636364,
        "recall": 0.896551724137931,
        "f1-score": 0.8914285714285715,
        "support": 87.0
      },
      "Non-Transferable License": {
        "precision": 0.7666666666666667,
        "recall": 0.7931034482758621,
        "f1-score": 0.7796610169491526,
        "support": 29.0
      },
      "Affiliate License-Licensor": {
        "precision": 0.6666666666666666,
        "recall": 1.0,
        "f1-score": 0.8,
        "support": 2.0
      },
      "Affiliate License-Licensee": {
        "precision": 0.6666666666666666,
        "recall": 1.0,
        "f1-score": 0.8,
        "support": 2.0
      },
      "Unlimited/All-You-Can-Eat-License": {
        "precision": 0.5,
        "recall": 1.0,
        "f1-score": 0.6666666666666666,
        "support": 1.0
      },
      "Irrevocable Or Perpetual License": {
        "precision": 0.25,
        "recall": 1.0,
        "f1-score": 0.4,
        "support": 1.0
      },
      "Source Code Escrow": {
        "precision": 0.75,
        "recall": 0.8571428571428571,
        "f1-score": 0.8,
        "support": 7.0
      },
      "Post-Termination Services": {
        "precision": 0.7555555555555555,
        "recall": 0.7391304347826086,
        "f1-score": 0.7472527472527473,
        "support": 46.0
      },
      "Audit Rights": {
        "precision": 0.9253731343283582,
        "recall": 0.9538461538461539,
        "f1-score": 0.9393939393939394,
        "support": 65.0
      },
      "Uncapped Liability": {
        "precision": 0.7391304347826086,
        "recall": 0.9444444444444444,
        "f1-score": 0.8292682926829268,
        "support": 18.0
      },
      "Cap On Liability": {
        "precision": 0.8888888888888888,
        "recall": 0.9696969696969697,
        "f1-score": 0.927536231884058,
        "support": 66.0
      },
      "Liquidated Damages": {
        "precision": 0.75,
        "recall": 0.8181818181818182,
        "f1-score": 0.782608695652174,
        "support": 11.0
      },
      "Warranty Duration": {
        "precision": 0.8,
        "recall": 0.9411764705882353,
        "f1-score": 0.8648648648648649,
        "support": 17.0
      },
      "Insurance": {
        "precision": 0.9796954314720813,
        "recall": 0.9747474747474747,
        "f1-score": 0.9772151898734177,
        "support": 198.0
      },
      "Covenant Not To Sue": {
        "precision": 0.9411764705882353,
        "recall": 0.9411764705882353,
        "f1-score": 0.9411764705882353,
        "support": 17.0
      },
      "Third Party Beneficiary": {
        "precision": 0.8,
        "recall": 1.0,
        "f1-score": 0.8888888888888888,
        "support": 4.0
      },
      "Most Favored Nation": {
        "precision": 0.75,
        "recall": 0.75,
        "f1-score": 0.75,
        "support": 4.0
      },
      "Governing Law": {
        "precision": 0.9668737060041408,
        "recall": 0.9936170212765958,
        "f1-score": 0.9800629590766002,
        "support": 470.0
      },
      "Dispute Resolution": {
        "precision": 0.9245283018867925,
        "recall": 0.98,
        "f1-score": 0.9514563106796117,
        "support": 50.0
      },
      "Limitations Of Liability": {
        "precision": 0.0,
        "recall": 0.0,
        "f1-score": 0.0,
        "support": 0.0
      },
      "Indemnification": {
        "precision": 0.9083969465648855,
        "recall": 0.967479674796748,
        "f1-score": 0.937007874015748,
        "support": 123.0
      },
      "Agreement Date": {
        "precision": 0.0,
        "recall": 0.0,
        "f1-score": 0.0,
        "support": 0.0
      },
      "Effective Date": {
        "precision": 0.8375,
        "recall": 0.9571428571428572,
        "f1-score": 0.8933333333333333,
        "support": 70.0
      },
      "Expiration Date": {
        "precision": 0.9534883720930233,
        "recall": 0.9111111111111111,
        "f1-score": 0.9318181818181818,
        "support": 45.0
      },
      "Renewal Term": {
        "precision": 0.8095238095238095,
        "recall": 0.85,
        "f1-score": 0.8292682926829268,
        "support": 20.0
      },
      "Confidentiality": {
        "precision": 0.9777777777777777,
        "recall": 0.9924812030075187,
        "f1-score": 0.9850746268656716,
        "support": 133.0
      },
      "Amendments": {
        "precision": 0.9174757281553398,
        "recall": 0.9692307692307692,
        "f1-score": 0.942643391521197,
        "support": 195.0
      },
      "Anti-Corruption Laws": {
        "precision": 0.9285714285714286,
        "recall": 0.8666666666666667,
        "f1-score": 0.896551724137931,
        "support": 15.0
      },
      "Approvals And Consents": {
        "precision": 0.8846153846153846,
        "recall": 1.0,
        "f1-score": 0.9387755102040817,
        "support": 23.0
      },
      "Authority": {
        "precision": 0.8513513513513513,